plugin name,active installations
Contact Widgets,500000
Easy Contact Form – Form Builder Plugin – Forms for WordPress,3000
Contact Form & SMTP Plugin for WordPress by PirateForms,300000
"Contact Form, Drag and Drop Form Builder for WordPress – Everest Forms",50000
Contact Form Email,30000
Smart Grid-Layout Design for Contact Form 7,6000
Contact Form 7 MailChimp Extension,100000
WP Contact Slider,10000
"Spam protection, AntiSpam, FireWall by CleanTalk",80000
Contact Form Builder – a plugin for creating contact and feedback forms,50000
Contact Form 7 Multi-Step Forms,20000
Contact Form by Supsystic,20000
Contact Form 7 Google Analytics,10000
Very Simple Contact Form,10000
Contact Form 7 Honeypot,200000
Contact Form by BestWebSoft,100000
Caldera Forms – More Than Contact Forms,100000
Ninja Forms – The Easy and Powerful Forms Builder,1000000
Contact Form 7 Image Captcha,10000
Contact Form 7 Style,50000
Speed Contact Bar,10000
Send PDF for Contact Form 7,7000
Contact Form7 Widget For Elementor Page Builder,30000
Multiline files upload for contact form 7,700
Calculated Fields Form,40000
WordPress Contact Form Builder by Contact Bank,20000
Bootstrap for Contact Form 7,40000
Contact Form Builder for WordPress – Conversion Tools by HubSpot,50000
Contact Form Submissions,50000
Contact Form Clean and Simple,30000
Jetpack by WordPress.com,5000000
Contact Form 7 Controls,10000
"Contact Form Builder, Contact Widget",9000
Contact Form 7 Polylang Module,4000
Contact Form 7 Signature Addon,6000
Contact Form 7 add confirm,50000
All-in-One WP Migration,1000000
Contact Form 7 Captcha,40000
MailChimp for WordPress,1000000
Simple Basic Contact Form,9000
Gravity Forms Constant Contact,10000
Contact Form Manager,10000
Contact Form 7 Skins,20000
Contact Form 7 Lead info with country,4000
Quick Contact Form,7000
Form – Contact Form,800
Contact Form to DB by BestWebSoft,3000
Flamingo,400000
FormGet Contact Form,10000
Contact Form 7 Connector,2000
Mobile Contact Bar,6000
Form Builder | Create Responsive Contact Forms,20000
Contact Form,3000
Contact Form 7 – Phone mask field,5000
Akismet Anti-Spam,5000000
Contact Form for WordPress – Ultimate Form Builder Lite,30000
FormCraft – Contact Form Builder for WordPress,7000
Contact Form 7 Shortcode Enabler,10000
Contact Info Widget,7000
Contact Form 7 – Post Fields,2000
CF7 Google Sheets Connector,10000
Contact Form & Lead Form Builder,10000
Contact Form 7 Database,10000
Contact Us Page – Contact People,2000
CP Contact Form with PayPal,4000
Mailster Contact Form 7,1000
weForms – Best Contact Form Plugin for WordPress,9000
Contact Coldform,1000
Dynamic Select for Contact Form 7,4000
PDF Forms Filler for Contact Form 7,2000
NM Contact Forms,1000
Add-on Contact Form 7 – MailPoet 3,2000
Contact Form 7 Multi-Step,3000
Contact Form 7: Accessible Defaults,4000
Better Contact Form,1000
Call Now Button,100000
Contact Form 7 Dynamic Text Extension,100000
Contact Form 7 Material Design,1000
Contact Form 7 Live Preview,4000
Jquery Validation For Contact Form 7,10000
Contact Form Builder WordPress Plugin by vCita,6000
"Contact Form Widget – Query , Report Form",1000
CRM: Contact Management Simplified – UkuuPeople,1000
Constant Contact Forms by MailMunch,9000
Best Contact Management Software for WordPress,600
Contact form 7 Custom validation,2000
Local Search SEO Contact Page,3000
Contact Form Master – by Edmon,1000
Contact Form 7 SMS Integration,1000
Form – Contact Form Plugin,8000
Contact – Registration – Post Form Builder & FrontEnd Editor BuddyForms – Making WordPress Forms A Breeze,4000
Easy Contact PopUP,1000
Contact Form Multi by BestWebSoft,1000
Magic Tooltips For Contact Form 7,600
Политика конфиденциальности для сайта. Согласие под формами Contact-Form 7,1000
Easy UTM tracking with contact form 7,1000
Really Simple SSL,2000000
123ContactForm for WordPress,3000
Frontend Registration – Contact Form 7,3000
Dynamic Recipient for Contact Form 7,1000
WP Fluent Form – Contact Form Plugin for WordPress with Advanced Form Builder Features,700
Contact Form With Shortcode,500
Widget for Contact form 7,400
Post My CF7 Form,1000
Jetpack Contact Form Auto Reply,700
PVB Contact Form 7 Calculator Add-on,200
Front End PM,8000
"Smart Forms – Calculated Fields, Form Builder, Easy To Use",10000
Sticky Side Buttons,20000
Booking Calendar Contact Form,1000
WP GDPR Compliance,100000
Popup for Contact Form 7,3000
Spider Contacts by WD,900
"Cerber Security, Antispam & Malware Scan",100000
Popup contact form,2000
Active Campaign & Contact Form 7,100
HTML Contact Form,1000
Social Media Share Buttons & Social Sharing Icons,200000
Easy Registration Forms,2000
Contact Form 7 Editor Button,300
Contact Form 7 + Telegram,200
Contact Form 7 – Show Page,100
Contact Information Widget,3000
Easy Forms for MailChimp,100000
Táve Contact Form 7 Integration,200
Coming Soon Page & Maintenance Mode by SeedProd,800000
Contact Form 7 CPF/CNPJ Validations,800
"Hustle – Pop-Ups, Slide-ins and Email Opt-ins",80000
Simple Contact form 7 Wizard Multisteps Form,1000
Contact form 7 TO API,3000
International Telephone Input for Contact Form 7,5000
Contact Form 7 Email Validation,1000
Custom Dashboard Widget & Dashboard Contact Form,900
Storefront Homepage Contact Section,4000
AMP for WP – Accelerated Mobile Pages,100000
Contact Form Integration For Elementor (All in One),200
Ajax Contact Forms (ACF SP),60
Contact Form X,50
Contact Form 7 Salesforce,100
GDPR,40000
AntiRobot Contact Form,300
Contact Form 7 Campaign Monitor Extension,4000
WP Mail SMTP by WPForms,1000000
WhatsApp me,20000
Personal Contact Info Widget,2000
Materialize contact form,70
Ajax Search for WooCommerce,10000
Click to Chat for WhatsApp Chat,60000
Cleverwise Contact Page,100
GamiPress – Contact Form 7 integration,80
Multifile Upload Field for Contact Form 7,10000
Contact Form Check Tester,70
Contact Form 7 – Repeatable Fields,1000
Easiest Contact Form for WordPress – AP Contact Form,400
PTA Member Directory and Contact Form,1000
Contact Form 7 Custom Spinner,100
Contact Form Generator : Creative form builder for WordPress,6000
Visual Form Builder,100000
Popup by Supsystic,30000
Dialog Contact Form,100
LW Contact Form 7 Addon,4000
DYAMAR Contacts,40
HandL UTM Grabber,2000
SiteOrigin Widgets Bundle,1000000
Contact Form 7 – Clockwork SMS,700
Lightweight Contact Form,40
Rich Contact Widget,7000
Contact Form 7 Submission DOM tracking,1000
Contact Form 7 – Cleverreach Integration,100
Contact Form 7 to Mailjet,70
Save Contact Form 7,20000
Contact Form 7 – SMS.ru,500
PayPal for Contact Form 7,700
Contact Form 7 AWeber Extension,1000
Ivory Search – WordPress Search Plugin,10000
WP Maintenance Mode,600000
Tabby Responsive Tabs,40000
Homepage Helden Contact Info,80
Newsletter,300000
cformsII,10000
Contact Form 7 – PayPal Extension,2000
Affiliates Contact Form 7 Integration,1000
Lana Contact Form,60
Contact Form 7 – Gutenberg block,100
Custom Contact Forms,30000
Active Directory Integration / LDAP Integration,3000
Adaptación RGPD / LOPD,9000
Official Facebook Pixel,60000
Contact Form 7 Datepicker,100000
Hidden Field for Contact Form 7,2000
Contact Form 7 Cost Calculator – Price Calculation Free,4000
Schema,50000
File Manager,200000
Sliding captcha Field for Contact Form 7,50
Duplicate Page,700000
wp simple ajax contact form,100
Very Simple Google Maps,4000
WordPress Contact Forms by Cimatti,3000
CF7 AutoResponder Addon,2000
Paid Memberships Pro,70000
Contact Listing for WP Job Manager,20000
PowerPress Podcasting plugin by Blubrry,60000
Email Before Download,20000
Visual Builder for Contact Form 7,3000
"Popup Maker – Popup Forms, Optins & More",300000
ListPress Contact,60
Contact Form 7 To WordPress Post,100
Football Pool,1000
Premium Addons for Elementor,70000
WP Discord Post,1000
Tidio Live Chat,40000
Location Module (Lite) for Contact Form 7,500
ShortPixel Image Optimizer,100000
Forms: 3rd-Party Integration,10000
One Click Demo Import,500000
WP Post Popup,4000
Connections Business Directory,10000
"WP ERP – HRM, CRM & Accounting Solution For WordPress",8000
HTML Forms,1000
Revive Old Posts – Auto Post to Social Media,60000
Imagify Image Optimizer,100000
Contact Form 7 Dropbox,400
Resume Builder,7000
"Live Chat, Call Me Back, Ticket System, Feedback, Contact Form & more oFeatures Customer Service",200
Custom Sidebars – Dynamic Widget Area Manager,200000
Essential Addons for Elementor,100000
Simple Job Board,10000
Hot Simple Contact,300
ActiveCampaign,30000
SendGrid,100000
Contact Form 7 GetResponse Extension,1000
Contact Form 7 Star Rating,1000
Responsive Photo Gallery – Images Gallery for WordPress,5000
Zendesk Chat,90000
Rainmaker Form – Best Forms Plugin on WP,10000
Contact Form 7 GetResponse Extension,400
Pay with Contact Form 7,100
Brilliant Web-to-Lead for Salesforce,8000
Contact Form 7 Modules,10000
Color Picker for Contact Form 7,200
Stop Spammers,40000
SMTP Mailer,30000
Enable Media Replace,300000
AMP WP – Google AMP For WordPress,600
Typeform | Create beautiful contact forms & much more,10000
Google Map for Contact Form 7,600
WP Event Manager,2000
Minimal Coming Soon & Maintenance Mode,60000
Google Captcha (reCAPTCHA) by BestWebSoft,200000
iContact for Contact Form 7,100
Site Offline Or Coming Soon Or Maintenance Mode,20000
WordPress Page Builder – Beaver Builder,500000
Default featured image,20000
WS Contact Form,80
Maintenance,400000
Seos Contact Form,2000
Booking Activities,1000
Slick Popup Lite,5000
Custom Icons for Elementor,10000
Contact Form 7 Star Rating with font Awesome,1000
WP HTML Mail – Email Designer,10000
KS Contact Widget,100
Smush Image Compression and Optimization,1000000
Photo Gallery by 10Web – Responsive Image Gallery,300000
WP-CRM – Customer Relations Management for WordPress,4000
OneSignal – Web Push Notifications,100000
PW WooCommerce Gift Cards,2000
contact info,200
Captcha Free Anti Spam for Contact Form 7 (Simple No-Bot),60
The GDPR Framework By Data443,10000
Dynamics 365 Integration,600
Slimstat Analytics,100000
Unique Headers,20000
Photo Gallery by Supsystic,70000
Form Builder CP,2000
Compress JPEG & PNG images,100000
Easy Property Listings,7000
Postmark for WordPress,10000
Google Analytics Dashboard Plugin for WordPress by MonsterInsights,2000000
Cresta WhatsApp Chat,3000
"Popups, Lead Forms, Surveys, Live Chats WordPress Plugin – GetSiteControl",9000
WP Mega Menu,10000
Facebook Widget,100000
Post SMTP Mailer/Email Log,80000
"Video Gallery – YouTube Playlist, Channel Gallery by YotuWP",10000
WPCasa Contact Form 7,1000
Contact Form 7 City Field Extension,1000
Mollie Payments for WooCommerce,40000
Integração RD Station,7000
WooCommerce MyParcel,4000
Contact Form 7 Multiple Upload Addon,100
Contact Form7 Database,300
WCP Contact Form,9000
Image Gallery by Robo – Responsive Photo Gallery,40000
"GridKit Portfolio Gallery – Multipurpose portfolio, gallery, video gallery, product catalog",10000
Login Logout Register Menu,9000
UpiCRM – Free Lead Management and WordPress CRM solution + GDPR Compliance.,2000
Best Free Increase Traffic & Engage Visitors Widgets,1000
Images Slideshow by 2J – Image Slider,4000
Mailjet Email Newsletter Marketing,10000
CF7 Invisible reCAPTCHA,7000
CBX Feedback,1000
Math Captcha,30000
WordPress File Upload,20000
"MailChimp Subscribe Form, Optin Builder, PopUp Builder, Form Builder",6000
Advanced noCaptcha & invisible Captcha,20000
Business Profile,10000
NinjaTeam Facebook Live Chat,3000
Fusion Page Builder : Extension – Contact Form,900
Coming Soon,10000
Really Simple CAPTCHA,1000000
Google Analytics,20000
GetResponse for WordPress,10000
JetPack Contact Form Success Message,700
Contact Form 7 minlength extension,1000
Live Chat with Facebook Messenger,4000
Posts in Page,40000
WP Mail SMTP Plugin with Email Logs,50000
YITH Infinite Scrolling,9000
Contact Form Sortcode Selection,50
WooCommerce AdWords Dynamic Remarketing,5000
Contact Form 7 Select Box Editor Button,2000
Authorize.net Payment Gateway For WooCommerce,9000
Leader,800
Invisible reCaptcha for WordPress,70000
Chameleon,700
Participants Database,10000
CF7 to Zapier,3000
Kadence Themes Toolkit,90000
Contact Form 7 to Robly,60
WordPress Force HTTPS,30000
Hoo Contact Form,1000
ShiftController Employee Shift Scheduling,600
Email download link,3000
WhatsApp Chat WP,20000
Contact Form 7 styler for Elementor Page Builder,4000
Genesis Translations,20000
Anything Popup,10000
PropertyHive,1000
MailMunch – Grow your Email List,20000
Divi Supreme Modules,1000
Image Hover Effects For WPBakery Page Builder (formerly Visual Composer),3000
RegistrationMagic-Custom Registration Forms and User Login,10000
Events Manager – Email Users,200
HubSpot for Gravity Forms,3000
Contact Form 7 UTM tracking,400
GamiPress,3000
Related Posts for WordPress,40000
Duplicate Post,2000000
Quiz And Survey Master (Formerly Quiz Master Next),20000
Theme Editor,10000
Markup (JSON-LD) structured in schema.org,20000
SendinBlue Subscribe Form And WP SMTP,30000
FEEDZY RSS Feeds Lite,30000
Contact Form 7 Group Mail,200
Smart Slider 3,300000
Robin image optimizer — save money on image compression,10000
MW WP Form,90000
Login rebuilder,10000
Contact Form Builder For WordPress : #1 Free Contact Us Form Builder By Core37,400
CP Blocks,700
Justified Gallery,10000
WordPress Form Customizer | CF7 Customizer,10000
PlanSo Forms,10000
Androapp – Native Android & IOS mobile app for wordpress site,2000
ActiveTrail – Contact Form 7,300
Simple Facebook Plugin,40000
Quick Contact and Call back widget,400
Forms by CaptainForm – Form Builder for WordPress,20000
Live Chat with Facebook Messenger,30000
Smart Marketing SMS and Newsletters Forms,2000
WP Forms Signature Contract Add-On,300
"Coming Soon, Under Construction & Maintenance Page",20000
WP Google Maps,400000
Agile CRM Contact Form 7 Forms,200
Contact Form 7 International Sms Integration,600
Coming Soon Page & Maintenance Mode,7000
osTicket Connector,100
Disable Comments,10000
Footer Putter,20000
Complianz Privacy Suite (GDPR/CaCPA),1000
PowerFormBuilder – Easy and Modern Contact Forms for WordPress,30
WP Live Chat Customer Support by Customerly,300
Jackmail Newsletters,2000
Popups – WordPress Popup,60000
CleverReach Newsletter,3000
Gallery,10000
PT Elementor Addons Lite,7000
DuracellTomi's Google Tag Manager for WordPress,200000
Styler for Contact Form 7,200
Server IP & Memory Usage Display,30000
Responsive Poll,4000
Exclude Pages From Menu,10000
YITH WooCommerce Compare,200000
WPSiteSync for Content,2000
Arigato Autoresponder and Newsletter,2000
User Info In Email For Contact Form 7,400
Map Contact,200
WP Maintenance,30000
Orion SMS OTP Verification,500
Contact Form Builder Online – Gorilla Forms,300
Data Tables Generator by Supsystic,30000
PTA Volunteer Sign Up Sheets,2000
Email Verification / SMS Verification / OTP Verification,2000
Easy Social Icons,50000
Give – Donation Plugin and Fundraising Platform,50000
Flickr Album Gallery,10000
WC-AC Hook,1000
Featured Images in RSS & Mailchimp Email,30000
Popup Builder – Responsive WordPress Pop up – Subscription & Newsletter,100000
WordPress Email Marketing Plugin – WP Email Capture,8000
Captcha Booster: Best Captcha Plugin,3000
Accordion FAQ,20000
EWWW Image Optimizer,700000
Contact Form 7 for MyMail,400
Advanced Classifieds & Directory Pro,4000
WooCommerce – ActiveCampaign,600
Google Website Translator,10000
LeadSquared Suite,400
Contact Forms 7 Digital Signature Add-On,200
Contact Form & Calls To Action WordPress Plugin by vCita,1000
WPBruiser {no- Captcha anti-Spam},20000
WP Telegram (Auto Post and Notifications),6000
Fruitful Shortcodes,20000
WooCommerce CardConnect Payment Gateway,1000
Extensive VC Addons for WPBakery page builder,3000
Insert Headers and Footers,600000
Theme Check,100000
Cognito Forms,4000
WebSub/PubSubHubbub,200000
AdRotate Banner Manager,50000
WooCommerce No Shipping Message,2000
YITH WooCommerce Quick View,90000
WP Recipe Maker,10000
Simple Masonry Layout,3000
Elementor Button Plus,6000
FlexMLS® IDX Plugin,2000
WP Fusion Lite,100
Knews + Contact Form 7 Glue,400
Paystack WooCommerce Payment Gateway,9000
Asset CleanUp: Page Speed Booster,10000
Contact Form 7: Zoho Leads integration,500
Custom Permalinks,100000
WP DSGVO Tools (GDPR),30000
Breadcrumb,10000
Help Scout,200
Essential Real Estate,3000
ACF Field For Contact Form 7,50
Super Simple Contact Form,1000
Minimal Contact Form,30
Pure Chat – 100% Free Live Chat Plugin & More!,10000
Visual Link Preview,600
Skype Legacy Buttons,6000
Social Share Button,10000
Advanced Booking Calendar,4000
Author,1000
Viber Contact Button for WordPress – WP Viber Contact Button Lite,80
affilinet Performance Ads,50000
"WP User Frontend – Membership, Profile, Registration & Post Submission Plugin for WordPress",20000
PHP Everywhere,10000
Referrer Input for Contact Form 7,800
Social Media Flying Icons | Floating Social Media Icon,40000
Clearfy – WordPress optimization plugin and disable ultimate tweaker,50000
Dashboard Welcome for Elementor,3000
WP Email Template,5000
Zoho CRM Lead Magnet,2000
"Popup Maker – Responsive popup, Exit Intent Pop up, Email Optins, Autoresponder & More",3000
SEO Editor,1000
The SEO Framework – Extension Manager,7000
SendCloud | Europe's #1 Shipping Tool,5000
AutomatePlug – Mautic for WordPress,500
mnmlWP Simple Contact Form,90
Google Maps Easy,40000
SWEET ALERT ADD-ON FOR CONTACT FORM 7,2000
Free Contact Us Form plugin ( build in accordance to the GDPR ),200
Staff List,2000
Contact Form Integrated With Google Maps,700
Contact Form Advanced Database,10000
@MediaPost – Extensão para Contact Form 7,300
Nginx Cache Controller,2000
WordPress Team Manager,3000
Pods – Custom Content Types and Fields,60000
Team WD – a responsive team/staff showcase plugin,2000
Contact Form 7 Freebie,100
WordPress CRM Plugin – WP-CRM System,500
VK All in One Expansion Unit,40000
Facebook Like Box,20000
WP Meta and Date Remover,60000
YITH Live Chat,1000
Conditional Shipping for WooCommerce,1000
GeoIP Detection,10000
CongressLookup,500
Cresta Social Messenger,1000
WooCommerce Quick View,2000
WI Contact Form 7 for Elementor,800
LDW Mobile Contact Optimizer,200
Connections Business Directory Toolbar,300
WordPress to SugarCRM Lead,500
Ultimate Responsive Image Slider Plugin,40000
Woo Related Products,6000
Captcha by BestWebSoft,2000
WP Crowdfunding,2000
Messenger LiveChat,3000
Add Category to Pages,20000
Publish Date DatePicker,700
Sidebar Content Clone,600
BuddyPress Activity Filter,800
AmazonSimpleAdmin,5000
Indent Lists Button,1000
Subscribe To Comments Reloaded,20000
Google Analytics Germanized (GDPR / DSGVO),10000
Call&Book Mobile Bar,2000
ARI Fancy Lightbox – WordPress Popup,9000
CRM & Lead Management Plugin for WordPress by vCita,600
Event Calendar – Responsive Calendar,3000
Job Board Manager,1000
"Landing Pages, SEO Content. Increase sales & leads",1000
Inactive Logout,4000
Contact Form X – The Drag and Drop Contact Form Builder,10
Insert PHP Code Snippet,30000
Custom Contact Form For Any Themes,10
WP contact form 7 db & Lead Manager plugin,20
Contact Form Dashboard,200
NS Google Sheets Connector,1000
Gravity Forms ConnectWise Add-On,100
Simple Map,40000
Sliced Invoices – WordPress Invoice Plugin,5000
SAML SP Single Sign On – SSO,2000
Live Chat by Formilla – Real-time Chat Plugin,8000
Magic Liquidizer Responsive Table,10000
SMS Alert Order Notifications(India) – WooCommerce,1000
"WordPress Assets manager, dequeue scripts, dequeue styles",2000
Wow Forms – create any form with custom style,200
Content Writer,600
"Donatie knop, donation button, Crowdfunding plugin: iDeal, Creditcard, Paypal, Bancontact, Sofort. Whydonate",100
LoftLoader,10000
WP Home Page Menu,1000
Launcher: Coming Soon & Maintenance Mode,7000
WordPress Force HTTP,2000
Contact Form for WordPress- Cybrosys,10
WP/LR Sync,5000
Contact Form 7 HubSpot,40
NoMoreCaptchas,300
IBM Watson Assistant,1000
SteemPress,2000
Ultimate WordPress Auction Plugin,3000
Art Decoration Shortcode,3000
Elastic Email Sender,1000
CF7 Spreadsheets,100
WP-FormAssembly,2000
RSVP and Event Management Plugin,5000
Image Hover Effects Css3,2000
Social Counter,600
CFS – Contact Form 7 Field,70
Byteplant Phone Validator,40
Widget Contact Now,100
Connections Business Directory Open Hours,300
IMPress Agents,1000
Payment Form and Online Credit Card Payments by vCita,900
WP Google Map,40000
Contact Form 7 Google Analytics Intelligence,400
WP Google Analytics Events,20000
Customize Login Image,10000
WP RSS Aggregator,60000
Beeketing for WooCommerce – Marketing Automation to Boost Sales,8000
FontMeister – The Font Management Plugin,1000
Gwolle Guestbook,40000
WooCommerce Sendle Shipping Method,400
Seo Optimized Images,20000
Contact Form,5000
Wise Chat,10000
Bulk Delete,60000
Photo Video Gallery Master,9000
SurveySparrow | Feedback Widget | Contact Form | Lead Generation Pop Up,50
Request a Quote,2000
Rencontre – Dating Site,700
Civist – Petitions and Fundraising,200
Contest Code Checker,100
Contact Page With Google Map,30
Contact Form 7 Syntax Highlighting,600
Filled In,200
Image Hover Effects – WordPress Plugin,5000
WordPress Captcha Plugin by Captcha Bank,10000
Sidebar Manager Light,5000
FG Joomla to WordPress,10000
Ninja Tables – WP Data Tables Plugin for WordPress,20000
Simple Event Planner,3000
Affiliate Coupons,1000
Cf7 Icons and Labels,1000
ARI Adminer – WordPress Database Manager,20000
CallTrackingMetrics,3000
BuddyPress Docs,9000
Custom Background Changer,7000
SoundPress Plugin,4000
Jumplead Marketing Software,400
Web Directory Free,300
10Web Instagram Feed – Instagram Gallery,90000
Lenix Elementor Leads addon,3000
Constant Contact for WordPress,6000
Debug,3000
HubSpot WooCommerce Integration,400
WP SMS,7000
No longer updated – Boxtal,2000
Simple Contact Forms,200
CRM WordPress Leads,1000
wp2pgpmail,200
Under Construction / Maintenance Mode from Acurax,40000
Custom WooCommerce Checkout Fields Editor,3000
IgniteUp – Coming Soon and Maintenance Mode,20000
Agile CRM,3000
constant contact,800
amoForms,1000
Jarvis,1000
Unyson,100000
SupportCandy,1000
Gleam: Run Competitions on Your WordPress Blog,900
Contact Form 7 – CCAvenue Add-on,100
CF7 – HTML Email Template Extension,2000
SearchIQ – The Search Solution,1000
WD YouTube – Youtube Player and Gallery,4000
WP Modal Popup with Cookie Integration,2000
YITH WooCommerce Recover Abandoned Cart,1000
Popup anything on click,10000
BP Better Messages,1000
Connections Business Directory Login,400
WooCommerce Export Orders and More,4000
Contact Form 7 – Autopreenchimento de Endereço,300
Subscriber by BestWebSoft,4000
Disable admin notices individually,10000
Fusion Page Builder,5000
WP Super Cache – Clear all cache,20000
Email Subscribers & Newsletters,100000
Date Calculator,600
WP GoToWebinar,1000
Simple Signup Form,900
JivoChat Live Chat [Official],20000
Database for CF7,1000
DCO Address Field for Contact Form 7,100
Optima Express + MarketBoost IDX Plugin,10000
Service Box,7000
Estatik Real Estate Plugin,2000
IMPress Listings,7000
Contact Form 7 Constant Contact Integration,20
WoW Progress,600
Keyring,9000
YITH WooCommerce Catalog Mode,30000
Multiple Files for Contact Form 7,70
Advanced Gutenberg Blocks,600
User Verification,800
EasyRecipe,9000
Zapper Payments,600
Post Types Order,500000
Uix Shortcodes – Compatible with Gutenberg,1000
Hitsteps Web Analytics,1000
Select Options from database for Contact Form 7,400
Barion Payment Gateway for WooCommerce,2000
Offers for WooCommerce,1000
WP Facebook Auto Publish,40000
Simple Lightbox Gallery,10000
Simple GA Ranking,2000
Mega Addons For WPBakery Page Builder (formerly Visual Composer),50000
YITH WooCommerce Request A Quote,10000
WD Facebook Feed – Custom Facebook Feed Plugin,40000
Just Contact Form,500
Quick WhatsApp,500
WooCom SecurePay Payment Gateway,600
Insert Html Snippet,30000
Zara 4 Image Compression,900
Contact Form 7 WooCommerce Order,800
Code Prettify,2000
Coming Soon – Under Construction,200
Simple Membership,30000
WP Travel Engine,6000
SX No Homepage Pagination,800
(Simply) Guest Author Name,2000
SiteSuperCharger,500
"Booking calendar, Appointment Booking System",7000
Super Progressive Web Apps,10000
Responsive Gallery With Lightbox,10000
Avatar Privacy,600
Holler Box – Lead Generation and Popups for eCommerce,2000
Torro Forms,1000
Connections Business Directory Languages,100
Contact Group Button,20
Chatra Live Chat + Cart Saver,3000
Latest Posts,6000
SEO Control Center,200
Schema & Structured Data for WP & AMP,3000
Dashboard Welcome for Beaver Builder,2000
WebMan Amplifier,3000
Limit Login Attempts,5000
Shop Page WP,2000
Contact Form Entries,90
WP-Chatbot for Facebook Messenger Customer Chat,10000
Icon List,4000
Motors – Car Dealer & Classified Ads WordPress Plugin,10000
Lead Call Buttons,8000
Quttera Web Malware Scanner,10000
Email Blaster Newsletter Signup Form,800
Drip Marketing Automation Plugin,9000
Video Gallery – YouTube Gallery,10000
Calendar by WD – Responsive Event Calendar,20000
Read More by Edmon,8000
Social Media Widget by Acurax,30000
Local Google Analytics for WordPress – caches external requests,20000
IntelliWidget Per Page Custom Menus and Dynamic Content,2000
WP Links Page,4000
Advanced Custom Fields Contact Form 7,600
WPNewsman Lite,1000
Global Gateway e4 | Payeezy Gateway |,600
GS Logo Slider,10000
Loader Plus Lightbox,200
AI Contact Us Form,10
Lively Chat via SMS,900
User Activity Log,10000
"Track, Analyze & Optimize by WP Tao",2000
Kento Ajax Contact Form,100
JGC Contact Info Widget,600
SIMPLE CONTACT FORM (BASIC),800
Auto Listings,600
AMP Contact FORM 7 – AMPCF7,400
bbPress Shortcodes,200
Conversational Form Add-on For Contact Form 7,70
Advanced iFrame,50000
Popup Builder,1000
PowerPack Lite for Beaver Builder,9000
WooCommerce Checkout Terms Conditions Popup,3000
Button,3000
WordPress ReCaptcha Integration,30000
Before And After: Lead Capture Plugin For WordPress,2000
Ajax Contact Form,100
Connector for WooCommerce and Zoho CRM,400
Contact Form 7 Zoho,10
Better YOURLS,500
Newsletters,9000
WP Knowledgebase,4000
HDForms | Contact Form Builder,10
Add Pinterest Follow Button,3000
WpDevArt Facebook comments,40000
WP-FB-AutoConnect,3000
WooCommerce Simple Buy Now,1000
Cornerstone Custom Icons,200
Chamber Dashboard CRM,300
Carousel,6000
PB MailCrypt – AntiSpam Email Encryption,1000
DeliPress – Newsletters and Opt-In forms,1000
Contextly Recommends,600
Catalog for Woocommerce,1000
WP smart CRM & Invoices FREE,400
Metaphor Widgets,2000
Registration Control,70
Sitelinks Search Box,5000
Users by Date Registered,1000
ChatBot for WordPress,40
ShipWorks Connector for WordPress,400
Contact Form 7 – ActiveTrail integration,40
Convertful – Your Ultimate On-Site Conversion Tool,1000
Arena.IM – Live Blogging for real-time events,400
Event Calendar WD – Responsive Event Calendar plugin,30000
Custom Font Uploader,3000
Forms: 3rd-Party Xml Post,600
NinjaFirewall (WP Edition),20000
WP Private Content Plus,8000
Notification Box Pro,100
Aitasi Coming Soon,2000
AMP on WordPress – weeblrAMP CE,300
WP Sitemap Page,200000
WP Server Stats,7000
WordPress Woocommerce Salesforce Connector,100
Zotabox – Free marketing tools to boost your subscribers and sales,3000
SOGO  Accessibility,3000
"Contact form Form For All – Easy to use, fast, 37 languages.",7000
Live Drag and Drop Builder for Contact Form 7,10
Access Watch: Security and Traffic Insights,800
Contests by Rewards Fuel,1000
Collect.chat — Free and Beautiful Conversational Chatbot for Lead Generation and Data Collection,3000
User profile,800
Meta Generator and Version Info Remover,10000
reCaptcha Add-On for FormCraft,4000
All Post Contact Form,10
Classified Listing,100
WP Reroute Email,200
Infusionsoft Landing Pages,3000
Translate WP website – Weglot Translate,20000
constant contact form,100
"Food, Restaurant Order and Contact by WhatsApp",20
Real Estate Right Now,300
Pinterest Pin It Button On Image Hover And Post,40000
Recent Facebook Posts,20000
Followize Extension – Contact Form 7,70
CF7 Pipedrive Integration,800
Terms & Conditions Connector of IT-Recht Kanzlei,1000
Jetpack reCaptcha,900
Formentor – Elementor Form Plus,300
Ryviu,1000
Responsive Maintenance Pro With Countdown,4000
Booking.com Official Search Box,9000
Plugins Garbage Collector,10000
Contact Bot,60
"myCred – Points, Rewards & Badges | Loyalty Plugin",20000
Show modified Date in admin lists,1000
Libsyn Publisher Hub,3000
PROPER Contact Form,2000
GoToWP,700
HTML5 chat,100
Facebook Like Box,2000
Locatoraid Store Locator,1000
WP Twitter Auto Publish,9000
Form data to kintone,100
WP Click 2 Chat,1000
Custom Share Buttons with Floating Sidebar,20000
"Call Now, Email, Messaging, Sharing Buttons for Mobile",2000
HREFLANG Tags Lite,6000
"Dynamic ""To Top"" Plugin",30000
Display Categories Widget,10000
Catchers Helpdesk and Ticket system for Support,300
Social Sharing Buttons,1000
Mobile Address Bar Changer,1000
Responder,400
WP Prayer,800
DSGVO All in one for WP,1000
Advanced Bulk Actions,600
Scroll Top Advanced,300
Awesome Changelog,90
Clientity Chatbot,300
Social Media Auto Publish,10000
Locations,2000
Contact Form 7 Salesmate Integration,10
PilotPress,4000
Our Team Showcase,10000
Post Slider For WPBakery Page Builder (formerly Visual Composer),1000
Postcodes4U Address Finder,100
Contact Form 7 Goal Tracking Extension,100
Contact Form 7 Email Add on,10
Appointments,7000
WP Cloudy,10000
AppPresser – Mobile App Framework,4000
CarDealer,400
ReDi Restaurant Reservation,1000
Inline Tweet Sharer – Twitter Sharing Plugin,1000
Image Gallery – Photo Albums Plugin,10000
Video Conferencing with Zoom API,1000
"WpDevArt YouTube Embed, Playlist and Popup",10000
Youtube SpeedLoad,1000
Content Locker,1000
Mailgun Email Validator,500
Logo Slider WP,7000
Smart Product Gallery Slider,700
"Business Manager – HR, ERP & Projects",300
Simple Drop Cap,7000
Mautic WooCommerce Integration – Open Source Marketing Automation,60
Formilla Edge Targeted Messaging Platform for Sales and Marketing,200
Affiliates,6000
Birds Custom Login,10000
Plugin Security Scanner,8000
Caldera Forms styler for Elementor Page Builder,5000
Contact Information,50
Suppliers Manager for Woocommerce,100
Block Temporary Email,100
Tockify Events Calendar,4000
WP Twilio Core,5000
WP SES,10000
Slightly troublesome permalink,900
Form Styles For Contact Form 7,400
Never Loose Contact Form,10
Contact Form with Ajax,10
Spider Video Player,10000
JM Twitter Cards,10000
Wp Theme plugin Download,3000
Multi-language Responsive Contact Form,2000
danixland contact form,10
Book a Room,100
WordPress Leads,7000
Better Contact Details,1000
Windows Compatibility Fix,1000
Simple Business Directory with Maps,200
MySQL version display,200
Drop Shadow Boxes,10000
Slider,10000
SuperPack,500
TC Custom JavaScript,10000
WP Libre Form,400
FrescoChat Live Chat,400
Simply Excerpts,300
GP Back To Top,3000
Contact Form to Agile,10
Notification Bar Pro,1000
WP Upload Restriction,600
ManyContacts – Responsive Contact Form,400
Shield Security for WordPress,80000
3D Tag Cloud,5000
Simple Responsive Lightbox – Popup Lightbox for WordPress,2000
Modal Window – create popup modal window,8000
BuddyPress Create Group Type,700
Custom css-js-php,7000
Contact Form 7 Database – CFDB7,200
Like Button Rating ♥ LikeBtn,7000
Contact Form 7 Multi-Step,80
"WP-VR-view – Add Photo Sphere, 360 video to WordPress",10000
PWA for WP & AMP,3000
Contact Form – 7 : Hide Success Message,800
Easy Coming Soon,20000
Template List Metabox,1000
Forms for Constant Contact,30
WP-Appbox,6000
Learning Courses,2000
SpeakPipe – Voicemail for Websites,2000
"Social Media – Accounts, Profiles",3000
"Disable updates, Updates manager, Disable automatic updates",2000
Insert Video with Schema.org (IVS),200
Captcha Them All,900
Epeken All Kurir Plugin for Woocommerce Full Version,1000
WP Ultimate Recipe,10000
WP LinkedIn,6000
Snowball,400
Ultimate Maps by Supsystic,400
Weblizar Twitter Tweets,20000
Contact Form 7 reCAPTCHA,10000
Photo Gallery – Image Gallery by Ape,5000
Post Slider by WD – Responsive Post Slider,5000
WooCommerce Currency Switcher by WooBeWoo,100
Ultimate Addons for Beaver Builder – Lite,10000
Cf7  UI slider,1000
WordPress Online Booking and Scheduling Plugin – Bookly,20000
Posts Modified Date,1000
Product Specifications for Woocommerce,1000
Countdown Timer – Widget Countdown,20000
Connections Business Directory Hobbies,40
PhastPress,200
WP GDPR,6000
Zigaform – Form Builder lite,100
Plagiarism Checker By SST,1000
404 Page by SeedProd,2000
"Extra Gutenberg Blocks Options: Blocks Design, Style, Custom CSS",2000
Back To Top Pro,500
Contact Form 7 Serial Numbers,3000
YITH WooCommerce Added to Cart Popup,2000
Prevent Direct Access,500
WP PGP Encrypted Emails,600
Instagram Feed Gallery,1000
PageSpeed Ninja,8000
Social Sharing Buttons – Social Pug,50000
Firebase Push Notification,400
Billink – Achteraf Betalen,300
Core Tweaks WP Setup,1000
PhotoDropper,4000
Team Builder,6000
WP REST Filter,1000
Portfolio Gallery – Responsive Image Gallery,3000
WordPress Button Plugin MaxButtons,100000
Support Ticket,100
VisitorTrack – drive website visitor conversion and online leads,100
Real Estate Manager – Property Listing and Agent Management,2000
Marketo Lite for Contact Form 7,10
wp tell a friend popup form,1000
Email Notification on Login,100
Simple Event Calendar – Responsive Event Calendar for WordPress,1000
ConverseJS,20
DoFollow Case by Case,2000
OnSale Page for WooCommerce,3000
Twitch for WordPress,400
Popups by OptinMonster – Best WordPress Lead Generation Plugin,800000
SMNTCS Bootstrap Modal,100
Contact Form 7 Status,10
Static Block,2000
"MailOptin – Popups, Email Optin Forms & Newsletters for MailChimp, Aweber etc.",8000
YITH WooCommerce Mailchimp,1000
CBX Accounting,300
Livemesh Addons for Elementor,40000
Timeline Express,10000
Machete,2000
BuddyForms Members,700
Address autocomplete Contact Form 7,600
Powie's WHOIS Domain Check,1000
Question Answer,500
Team,8000
Mask Contact Form,100
Pricing Table For WPBakery Page Builder (formely Visual Composer),500
Keep in Touch,20
Woo Swish e-commerce,100
FormLift for Infusionsoft Web Forms,900
Slider by 10Web – Responsive Image Slider,70000
Billmate for WooCommerce,300
Reactions,500
Forms: 3rd-Party File Attachments,60
Counter Number,7000
2FAS – Two Factor Authentication,400
Database Collation Fix,1000
Open RDW kenteken voertuiginformatie,800
Live Chat by Supsystic,800
wp-donate,400
WP Limit Login Attempts,40000
Microthemer Lite,10000
ARI Stream Quiz – WordPress Quizzes Builder,1000
ActiveCampaign for WooCommerce,400
Sprout Clients – CRM and Lead Management,100
MailPoet Checkout Subscription for WooCommerce (Legacy),2000
Client Invoicing by Sprout Invoices – Easy Estimates and Invoices for WordPress,2000
"Chat – Live Chat, Support, Sales",6000
Online Learning Courses,400
Image Widget – gallery & lightbox by RB,900
bbPress Contacts,40
User Blocker,1000
Absolutely Glamorous Custom Admin,40000
Facebook Like Share Follow Buttons,2000
uCare – Support Ticket System & HelpDesk,3000
Refer A Friend for WooCommerce by WPGens,2000
WP Simple Related Posts,400
AWeber Web Form Plugin,10000
PGP Key Generator,90
YITH WooCommerce Waiting List,1000
Fogata BOTS,40
Newsletter Popup,2000
Convertable Contact Form Builder Analytics and Lead Management Dashboard,200
WP Photo Sphere,4000
Read more,800
ACF Photo Gallery Field,9000
Widget Options,70000
WPGlobus – Multilingual Everything!,20000
"WooCommerce PDF Invoices, Packing Slips, Delivery Notes & Shipping Labels",4000
The easy way to create modern infographics and multimedia pages.,5000
WPCargo Track & Trace,3000
Birthday Emails,500
Deluxe Marketing Suite,100
Universal Slider,3000
Staff Directory Plugin: Company Directory,1000
Contact Form 7: Support Deprecated Settings,30
VoguePay plugin for WooCommerce,200
Modal Contact Form,100
Team Members Staff Showcase Plugin – Employee Spotlight,1000
Sagenda – Free booking system,1000
Cool Timeline,10000
"Free WhatsApp, Messenger, Telegram, Email, SMS, Maps, Chat & Call button – Chaty",1000
"WP User – Custom Registration Forms, Login and User Profile",900
WPS Bidouille,3000
Clicface Trombi,900
CoolClock – a Javascript Analog Clock,5000
Tabs,20000
Essential WPBakery Page Builder (formerly Visual Composer) Addons,8000
OpenPGP Form Encryption for WordPress,70
Ninja Forms Signature Contract Add-On,600
WebEmailProtector | email address spam protection,800
Organic Builder Widgets,10000
Chatwing Live Group Chat – HTML5 + Chat Apps,400
Page Builder: Live Composer,40000
Bing Website Translator by Prisna.net,300
WooCommerce Show Attributes,6000
Simple Secure Contact Form,800
TR Post Slider Widget,900
Black Friday and Cyber Monday Deals for WooCommerce,300
WP to LinkedIn Auto Publish,2000
CB Custom Beaver Builder Modules,4000
Maintenance Mode & Under Construction Page,1000
PCo Image Widget Field,500
"Subscribe Form, MailChimp forms, ActiveCampaign and GetResponse",2000
Themify Builder Lite,3000
SEO Image Optimizer,8000
Highcompress Image Compressor,400
Coming Soon Landing Page and Maintenance Mode WordPress Plugin,9000
myPOS Checkout for WooCommerce,600
Files.fm File Upload Form,1000
Rich Text Editor Field for Contact Form 7,500
Posts filter multiselect,100
Real-time Visitor Statistics,5000
Custom Skins Contact Form 7,5000
Web Icons,1000
WP Email Verify,90
Proven Strategies To Automate Your Ecommerce Growth,100000
Security & Firewall – MalCare Security,5000
bbPress Multi Image Uploader,700
Lf Hiker,200
Free Responsive Post/Article Author Section Plugin for WordPress – Ultimate Author Box Lite,600
Woo Stripe Addon,800
CF Geo Plugin,200
Scripts n Styles,30000
Tour & Activity Operator Plugin for TourCMS,100
Auto Clean URL for SEO,1000
Bamboo Tweets,50
Zigaform – Calculator & Cost Estimation Form Builder Lite,500
Zendesk Support for WordPress,5000
Video Slider – Slider Carousel,6000
Formstack Online Forms,2000
Bad Behavior,30000
ITRO Popup Plugin,20000
WooCommerce Wirecard Brazil Official,1000
WooCommerce GDPR (DSGVO) Data Protection,70
WP Clean Up Optimizer: Optimize Database & WordPress,5000
Contact Form 7 Newsletter,4000
WP Page Builder,1000
WP Hide & Security Enhancer,30000
Weather Atlas Widget,5000
breadcrumb simple,700
Disable Comments for Any Post Types (Remove comments),4000
Genesis Ads by Advanced Ads,1000
Geolocation Detector for Gravity Forms,300
Donorbox – Free Recurring Donation Form,3000
List Builder,70
Cognitive Content Analyzer,30
Newsletter Sign-Up,20000
DIVI Enhancer – DIVI Modules and Options,700
ICAAL Contact Form,70
Landing Page Builder – Free Landing Page Templates,4000
Spiffy Calendar,4000
Mega Addons For Elementor,1000
Webcam Video Conference,700
Buckaroo Woocommerce Payments Plugin,400
FuseDesk,100
Cliengo – Free Chatbot for lead generation that boosts Sales. Multi-language: English/Spanish/Portuguese,900
Flyzoo Chat,1000
Somewhere search box,60
Event Timeline – Vertical Timeline,800
Loan Calculator Pro,200
WpDevArt Facebook Like Box Widget,30000
EZP Coming Soon Page,20000
Rublon Two-Factor Authentication,3000
RO Marketing,1000
Ajax Simple Contact Form,80
Data8 Validation,100
Responsive Notification Bar Plugin for WordPress – Apex Notification Bar Lite,700
EU Cookie Law Notice/Banner,200
Ecalypse Rental Starter,100
"Social Feed | Facebook Feed, Instagram Feed, Twitter Feed, Pinterest and VK",4000
WordPress Gallery Plugin – Gallery Bank,20000
WP Business Intelligence Lite,500
azurecurve Toggle Show/Hide,3000
StaffList,200
Invoicing – Invoice & Payments Plugin,2000
WP Post Author,10000
Contact form 7 Google Analytics Tracking by Analytify,200
goftino,50
RPB Chessboard,1000
Free Website Forms Builder by Wishpond,900
Kul Maintenance,700
Admin Custom Login,70000
"ProfileGrid – User Profiles, Groups and Communities",3000
Easy WordPress Subscribe – Optin Hound,2000
Active Directory Integration for Cloud,50
Paystack Easy Digital Downloads Payment Gateway,300
Uix Page Builder – Compatible with Gutenberg,200
Post Pay Counter,1000
WP Easy Pay – With Square,800
dsIDXpress,7000
Export Post Info,400
Contact Form 7 – Kimera CRM Add-on,10
Float menu – awesome floating side menu,8000
All Meta Tags,20000
LiveChat – WP live chat plugin for WordPress,20000
Gravity Forms styler for Elementor Page Builder,1000
WordPress Page Builder by MotoPress,10000
Shoutcast Icecast HTML5 Radio Player,5000
Contact Page with Click to Call by MightyCall,100
Colorbox Panels,2000
Easy Newsletter Signups,300
Genesis Slide-in Widget,100
Responsive Styled Google Maps Simplified,1000
DigitSix Simple Contact Form,400
WordPress Auction Plugin,1000
Mascaras CF7,200
Pie Register – Custom Registration Form and User Login WordPress Plugin,8000
eCommerce WD – eCommerce shopping cart plugin,1000
WPD Beaver Popups,900
Simple add pages or posts,3000
Rara One Click Demo Import,10000
Slider Carousel – Responsive Image Slider,10000
Booster for WooCommerce,50000
"Popups, Welcome Bar, Optins and Lead Generation Plugin – Icegram",40000
font-resizer,6000
Woo Sensei Shortcodes,200
YITH WooCommerce One-Click Checkout,800
WP Discourse,1000
User Post Gallery – UPG,1000
Ads for WP – Advanced Ads & Adsense Solution for WP & AMP,700
Contact Form 7 Multi-step Forms (Add-on for CF7),50
FooSales,600
Magic Password,400
Custom Instagram Widget,600
WD Google Maps – Google Maps builder Plugin,20000
Clear Cache for Me,10000
Facebook Pixel for WP,3000
Mastodon Autopost,300
EWWW Image Optimizer Cloud,6000
Secure Copy Content Protection,90
WP Mapbox GL JS Maps,700
WordPress Mobile Pack – Mobile Plugin for Progressive Web Apps & Hybrid Mobile Apps,10000
Contact Us Page,1000
Яндекс Переводчик,100
Newsletter Manager,9000
Slidely Slideshows Embed,1000
bulk quote for woocommerce on contact form 7,10
Aparat Responsive,800
Live Forms – Visual Form Builder,1000
TinyMCE Templates,30000
Floating Button WP,60
WooCommerce Product Table Lite,400
WP Admin Protection (by SiteGuarding.com),800
AFFILIATE MLM / PARTY PLAN,300
Frontend Responsive Test,50
Image Credits nofollow,400
Contact Form 7 Textarea Wordcount,500
AffiliateWP MailChimp Add-On,200
Browsing History,30
GDPR Cookie Consent by Supsystic,400
Meta SEO BenignSource,700
Ebook Store,1000
Post Connector,300
Unlimited Background Slider,1000
Post Affiliate Pro,700
MDJM Event Management,200
"Google Plus Badge – Profile, Account",900
Woocommerce Quick Buy,9000
Contact Form 7 IE DatePicker and Number Spinner Fix,5000
Zero BS WordPress CRM,1000
WPcalc – create any online calculators,800
Server Status For Minecraft PC & PE (MCServerStatus),300
ONTRAPORT to Wishlist Integration,20
QR Code Authenticator (Clef like),500
Social Media Gallery,3000
Cache Cleaner – Scheduled,300
Gravity Forms Infusionsoft Feed,30
InPost for WooCommerce,700
Maje WooCommerce No PO Boxes,400
Ultimate Gallery Master,4000
"Gratisfaction- Loyalty, Rewards , Referral and Giveaway Program for WooCommerce",1000
Simple CSV/XLS Exporter,4000
Car Demon,1000
Eazy Contact Form,10
Jigsaw Planet,300
Woocommerce Payment Gateway per Product,2000
NextScripts: Social Networks Auto-Poster,100000
YouTube Gallery – Best YouTube Video Gallery for WordPress,7000
AffiliateWP – Affiliate Area Tabs,3000
Sagenda – Free booking calendar,500
Netgsm,100
Key4ce osTicket Bridge,400
WP Graphic Captcha Protection (by SiteGuarding.com),900
Booking Ultra Pro Appointments Booking Calendar Plugin,4000
WD Spider Facebook,6000
NEO Bootstrap Carousel,200
Wow Skype Buttons,600
Lead Champion discover,100
Coming Soon Page,5000
DD Contact Form,300
Tiny Contact Form,1000
WP Email Delivery,300
HashBar – WordPress Notification Bar,1000
WP Mail Booster: #1 WordPress SMTP Plugin,500
DashPress,50
CarDealerPress,100
Tweet Old Custom Post,300
Schema App Structured Data,10000
Contact Form 7 Tag field,200
bbPress Messages,1000
GS Pinterest Portfolio,1000
Spam Master,1000
Email Marketing by EmailOctopus,400
Facebook Like Box,2000
Responsive Slider – Sangar Slider,1000
Contact Form 7 Confirm Email Field,4000
Boat Dealer,70
Bigboss all in one facebook social widget,10
Comment Form Validation,500
PopupAlly,10000
WordPress Custom Global Variable,200
Classic Facebook Feeds,300
Businessx Extensions,9000
Mailify,100
Easy Customizable Text Widget,2000
Gallery For Instagram,2000
Sellsy,100
PlusCaptcha,400
WP-MP-Contact,10
Easy Accordion,2000
2FAS Light – Google Authenticator,1000
Scroll Triggered Box / Slide Box,200
Team,1000
Testimonial,4000
WP Issues CRM,10
Subscription Form for Feedblitz,200
Google Analytics,600
Recent Related Post And Page,100
JetWidgets For Elementor,1000
Social Share Buttons by Supsystic,10000
Product Catalog,900
Sliced Invoices & Contact Form 7,200
Securimage-WP,2000
Transdirect Shipping Plugin for Woocommerce,200
Coub,100
Save Abandoned Carts – WooCommerce Live Checkout Field Capture,1000
Single Sign On for Windows,100
Contact Form 7 4Dem.it Extension,90
Video Central for WordPress,900
RSS with Images,1000
Responsive Vertical Icon Menu,200
LiveCall – Free Callback widget,1000
PropellerAds Official Plugin,7000
WooCommerce Pakettikauppa,70
Contact Form 7 Táve Integration,500
IM Facebook Widget,1000
Show Featured Image Size in Admin TopBar,100
"Floating News Headline – Coupons, Offers",100
Classified Maker,100
Sendmachine for WordPress,20
Transact,10
Resume / CV,200
Hide My WP – WordPress Security Plugin,10000
WordPress Reaction Buttons and Feedback Emoji Plugin – Emojics,200
Woo whatsapp order,1000
Livemesh SiteOrigin Widgets,40000
WordLift – AI powered SEO,500
Mailpoet – Contact Form 7 Integration,7000
Simple Contact Widget,200
DPO for Woocommerce,300
WP Admin Graphic Password (by SiteGuarding.com),300
WooCommerce Payment Gateway – Inspire,1000
WP Total Hacks,50000
Whatsapp Share Button – Share on whatsapp,700
SagePay Server Gateway for WooCommerce,300
Storefront Homepage Extra Sections,2000
Coming Soon Pages for WordPress – Coming Soon Booster,1000
WP Mautic,8000
Adsense for AMP,800
Judge.me Product Reviews for WooCommerce,400
Email Tracker,400
Food Truck Locations & Times,100
Vertical scroll image slideshow gallery,800
Simple Content Templates,3000
Seo Crawlytics Data Export & Delete,50
FaceBook Feed,10000
Coming Soon by Supsystic,6000
Custom Instagram Feed,4000
Job Board Manager – Locations,100
Artful.ly Widget,100
WordPress Posted Display,300
Portfolio,900
"MembershipWorks – Membership, Events & Directory",2000
PTA Shortcodes,500
Microblog Poster – Auto Publish on Social Media,9000
Coming Soon Master,300
Automatic Alternative Text,300
YITH Pre-Order for WooCommerce,5000
Theme Blvd Widget Pack,8000
AdSense Invalid Click Protector (AICP),8000
Xllentech English Islamic Calendar,50
WooCommerce Product Barcode Label Printing – Woolabel,200
WP Show Stats,2000
ReachEdge,2000
Contact Form Made Easy,10
TemplatesNext OnePager,3000
IFTTT Bridge for WordPress,1000
Conditional Payments for WooCommerce,100
WP Real Estate,400
Import emails to Gmail Contacts,10
Creative Image Slider – The Best WordPress Image Slider and Portfolio plugin,2000
WooCommerce HTML5 Video,2000
Leadfox for WordPress,200
Klarna Checkout for WooCommerce,10000
Auto SEO,1000
Show Theme in Footer,80
ClickSend Contact Form 7,30
Vanilla Bean – Custom Login,100
Gallery – Responsive Photo and Video Gallery by Limb for WordPress,1000
Bubble Menu – awesome custom circle menu,600
WordPress Default Widget Extension,100
Training – Courses,100
Team,300
WeChat Payments for WooCommerce,1000
"Popup – MailChimp, GetResponse and ActiveCampaign Intergrations",300
"Easy Popup – Welcome Popup, Email Popup, Exit Popup",300
Facebook Like Box Responsive Slider,500
Blog Designer,30000
Post and Page Builder by BoldGrid – Visual Drag and Drop Editor,10000
Lingotek Translation,20000
